country,ISO alpha-3 code,UN_region,UN_subregion,year,record,crop_land,grazing_land,forest_land,fishing_ground,built_up_land,carbon,total,Percapita GDP (2010 USD),population
Armenia,ARM,Asia,Western Asia,2014,BiocapPerCap,0.353566421,0.261703193,0.093546309,0.01553377,0.061555927,0,0.78590562,3827.34,3006000
Afghanistan,AFG,Asia,Southern Asia,2014,BiocapPerCap,0.251691077,0.187020286,0.019240324,0,0.046125014,0,0.504076701,610.242,31628000
Albania,ALB,Europe,Southern Europe,2014,BiocapPerCap,0.395455656,0.21857232,0.315863091,0.081883656,0.039772281,0,1.051547003,4413.56,2890000
Algeria,DZA,Africa,Northern Africa,2014,BiocapPerCap,0.202869592,0.274074612,0.028272274,0.008251253,0.028062842,0,0.541530572,4675.89,38934000
Angola,AGO,Africa,Middle Africa,2014,BiocapPerCap,0.24950477,1.229495166,0.53937284,0.22470559,0.047258079,0,2.290336445,3747.57,24228000
Argentina,ARG,Latin America and the Caribbean,South America,2014,BiocapPerCap,2.588882258,1.792340705,0.610837954,1.611977007,0.105008823,0,6.709046747,10323.2,42980000
Australia,AUS,Oceania,Australia and New Zealand,2014,BiocapPerCap,2.36218343,5.732847304,1.954944064,3.137665027,0.063370027,0,13.25100985,54394.3,23622000
Austria,AUT,Europe,Western Europe,2014,BiocapPerCap,0.696275871,0.149234766,2.014664741,0.003093079,0.151161595,0,3.014430052,47886.6,8517000
Bahamas,BHS,Latin America and the Caribbean,Caribbean,2014,BiocapPerCap,0.049459591,0.002386611,1.139340399,8.106362114,0.042399646,0,9.339948362,21078.7,383000
Bahrain,BHR,Asia,Western Asia,2014,BiocapPerCap,0.00847075,0,0.000814141,0.451329674,0.074089047,0,0.534703612,22390.7,1362000
Barbados,BRB,Latin America and the Caribbean,Caribbean,2014,BiocapPerCap,0.063847319,0.00322606,0.018839857,0.043917094,0.034084518,0,0.163914849,15864.6,283000
Bangladesh,BGD,Asia,Southern Asia,2014,BiocapPerCap,0.271160639,0.003272654,0.004030504,0.052433937,0.078248622,0,0.409146356,922.161,159078000
Bhutan,BTN,Asia,Southern Asia,2014,BiocapPerCap,0.286498676,0.338065611,4.245713972,0.013313663,0.25875461,0,5.142346533,2500.26,765000
Bolivia,BOL,Latin America and the Caribbean,South America,2014,BiocapPerCap,0.677363278,2.182649876,13.50984094,0.053194296,0.064734735,0,16.48778313,2317.26,10562000
Botswana,BWA,Africa,Southern Africa,2014,BiocapPerCap,0.050001841,2.265173347,0.555452468,0.248447031,0.014983594,0,3.134058281,7574.28,2220000
Brazil,BRA,Latin America and the Caribbean,South America,2014,BiocapPerCap,1.130654383,0.972521971,6.490059901,0.165511156,0.093618999,0,8.852366409,11866.4,206078000
Belize,BLZ,Latin America and the Caribbean,Central America,2014,BiocapPerCap,0.537233108,0.213426666,2.196911298,1.028453174,0.000562586,0,3.976586831,4415.99,352000
Brunei Darussalam,BRN,Asia,South-Eastern Asia,2014,BiocapPerCap,0.016907585,0.010929711,1.53890609,1.239506187,0.023872434,0,2.830122007,33313.8,417000
Bulgaria,BGR,Europe,Eastern Europe,2014,BiocapPerCap,1.775250054,0.066787269,1.212419976,0.121231012,0.160412924,0,3.336101235,7299.55,7201000
Myanmar,MMR,Asia,South-Eastern Asia,2014,BiocapPerCap,0.943368628,0.004774114,0.530353597,0.284100662,0.119043048,0,1.881640049,1266.12,53437000
Burundi,BDI,Africa,Eastern Africa,2014,BiocapPerCap,0.212892808,0.060671284,0.008633238,0.007308351,0.034468994,0,0.323974676,243.102,10817000
Cameroon,CMR,Africa,Middle Africa,2014,BiocapPerCap,0.603036548,0.091767152,0.847776623,0.0744276,0.060076215,0,1.677084138,1428.22,22773000
Canada,CAN,North America,North America,2014,BiocapPerCap,2.680989815,0.287491787,8.849942308,3.368667392,0.062374002,0,15.2494653,50067,35588000
Central African Republic,CAF,Africa,Middle Africa,2014,BiocapPerCap,0.281430111,0.540059331,6.504782177,0,0.036480229,0,7.362751848,302.546,4804000
Sri Lanka,LKA,Asia,Southern Asia,2014,BiocapPerCap,0.290278217,0.020249265,0.045105864,0.069376453,0.056385407,0,0.481395207,3506.73,20619000
Chad,TCD,Africa,Middle Africa,2014,BiocapPerCap,0.442676124,1.061442689,0.35866436,0.067113316,0.062813633,0,1.992710123,967.103,13587000
Chile,CHL,Latin America and the Caribbean,South America,2014,BiocapPerCap,0.326726464,0.44466666,2.212121467,0.377413818,0.108311411,0,3.46923982,14702,17763000
Colombia,COL,Latin America and the Caribbean,South America,2014,BiocapPerCap,0.264543703,1.203520871,2.070103667,0.068873295,0.100967946,0,3.708009483,7291.69,47791000
Congo,COG,Africa,Middle Africa,2014,BiocapPerCap,0.145769545,2.975135568,6.988249841,0.343191107,0.035368991,0,10.48771505,2922.97,4505000
Costa Rica,CRI,Latin America and the Caribbean,Central America,2014,BiocapPerCap,0.410395689,0.303944103,0.645637339,0.120995685,0.103832896,0,1.584805712,9077.42,4758000
Cuba,CUB,Latin America and the Caribbean,Caribbean,2014,BiocapPerCap,0.278231007,0.090336658,0.233695729,0.165022492,0.027870361,0,0.795156247,6182.77,11379000
Azerbaijan,AZE,Asia,Western Asia,2014,BiocapPerCap,0.336213487,0.194118536,0.113214161,0.015032555,0.046346409,0,0.704925149,6122.98,9630000
Benin,BEN,Africa,Western Africa,2014,BiocapPerCap,0.526021063,0.035140561,0.309530356,0.021470755,0.044122975,0,0.93628571,833.662,10598000
Denmark,DNK,Europe,Northern Europe,2014,BiocapPerCap,2.061550175,0.00767642,0.33856948,1.803498451,0.214075999,0,4.425370526,59437.9,5647000
Dominican Republic,DOM,Latin America and the Caribbean,Caribbean,2014,BiocapPerCap,0.249682211,0.110682757,0.158363519,0.024213031,0.052805086,0,0.595746604,6193.76,10406000
Belarus,BLR,Europe,Eastern Europe,2014,BiocapPerCap,1.380207191,0.271239178,1.684471114,0.018151554,0.080584021,0,3.434653059,6664.1,9500000
Ecuador,ECU,Latin America and the Caribbean,South America,2014,BiocapPerCap,0.363882251,0.18591085,1.34210089,0.105493917,0.073946622,0,2.071334529,5428.71,15903000
El Salvador,SLV,Latin America and the Caribbean,Central America,2014,BiocapPerCap,0.258053147,0.1534627,0.04263535,0.115858751,0.043906953,0,0.6139169,3668.2,6108000
Equatorial Guinea,GNQ,Africa,Middle Africa,2014,BiocapPerCap,0.124190568,0.132756097,2.710555414,0.913622752,0.025603543,0,3.906728373,16028.3,821000
Estonia,EST,Europe,Northern Europe,2014,BiocapPerCap,1.227841063,0.085793368,4.015790354,4.326054289,0.073213584,0,9.728692658,17453.4,1316000
Fiji,FJI,Oceania,Melanesia,2014,BiocapPerCap,0.298339771,0.090239258,1.286932072,0.650418248,0.045640736,0,2.371570085,4084.2,886000
Finland,FIN,Europe,Northern Europe,2014,BiocapPerCap,0.877661268,0.047344169,9.477649474,2.3064549,0.155198054,0,12.86430787,45239.4,5480000
France,FRA,Europe,Western Europe,2014,BiocapPerCap,1.332077679,0.159239645,0.957672576,0.112552391,0.164222481,0,2.725764771,41431,64159000
French Guiana,GUF,Latin America and the Caribbean,South America,2014,BiocapPerCap,0.106051503,0.064110874,87.61616996,15.06795922,0.005633596,0,102.8599252,35657.5,261000
French Polynesia,PYF,Oceania,Polynesia,2014,BiocapPerCap,0.203573103,0.032675593,0.707486139,0.415900899,0,0,1.359635734,,280000
Djibouti,DJI,Africa,Eastern Africa,2014,BiocapPerCap,0.017662544,0.230677638,0.002199198,0.298884397,0.203466327,0,0.752890104,1508.29,876000
Georgia,GEO,Asia,Western Asia,2014,BiocapPerCap,0.13254871,0.394555049,0.648434635,0.049078733,0.030698023,0,1.25531515,3851.72,4035000
Gabon,GAB,Africa,Middle Africa,2014,BiocapPerCap,0.258422423,3.510860869,19.03008796,2.862054244,0.034340217,0,25.69576571,9508.15,1688000
Gambia,GMB,Africa,Western Africa,2014,BiocapPerCap,0.166488006,0.036581652,0.189759297,0.299358727,0.020546603,0,0.712734285,530.318,1928000
Germany,DEU,Europe,Western Europe,2014,BiocapPerCap,0.805887552,0.064127484,0.688715355,0.075076886,0.156701515,0,1.790508793,45022.6,80646000
Bosnia and Herzegovina,BIH,Europe,Southern Europe,2014,BiocapPerCap,0.278773635,0.188779869,1.127376419,0.003120516,0.014372216,0,1.612422655,4992.91,3818000
Ghana,GHA,Africa,Western Africa,2014,BiocapPerCap,0.704182546,0.243915151,0.274124782,0.05745944,0.080972525,0,1.360654444,1659.78,26787000
Greece,GRC,Europe,Southern Europe,2014,BiocapPerCap,0.995684472,0.144112591,0.231897469,0.175215822,0.057068144,0,1.603978498,22565.7,11001000
Guadeloupe,GLP,Latin America and the Caribbean,Caribbean,2014,BiocapPerCap,0.115178629,0.026969028,0.132142361,0.178567456,0.002941259,0,0.455798733,,466000
Guatemala,GTM,Latin America and the Caribbean,Central America,2014,BiocapPerCap,0.450778347,0.150137888,0.314556798,0.044410367,0.088553493,0,1.048436893,3007.9,16015000
Guinea,GIN,Africa,Western Africa,2014,BiocapPerCap,0.361450522,0.708684562,0.587522172,0.287078998,0.04312685,0,1.987863103,699.964,12276000
Guyana,GUY,Latin America and the Caribbean,South America,2014,BiocapPerCap,0.787026306,1.583790993,60.98477365,5.376086119,0.070200824,0,68.80187789,3598.29,764000
Haiti,HTI,Latin America and the Caribbean,Caribbean,2014,BiocapPerCap,0.236820038,0.031488199,0.007839493,0.011670644,0.035793331,0,0.323611705,728.78,10572000
Hungary,HUN,Europe,Eastern Europe,2014,BiocapPerCap,1.744280923,0.059304395,0.694481443,0.004772937,0.17978923,0,2.682628928,14119.1,9890000
Croatia,HRV,Europe,Southern Europe,2014,BiocapPerCap,0.707058674,0.324949761,1.555020459,0.339775731,0.066924029,0,2.993728654,13517.8,4256000
India,IND,Asia,Southern Asia,2014,BiocapPerCap,0.34907593,0.003251691,0.021468208,0.028392197,0.049985506,0,0.452173533,1646.78,1295292000
Indonesia,IDN,Asia,South-Eastern Asia,2014,BiocapPerCap,0.494505933,0.05532244,0.284258422,0.374437113,0.062521244,0,1.271045152,3692.94,254455000
"Iran, Islamic Republic of",IRN,Asia,Southern Asia,2014,BiocapPerCap,0.361002661,0.069917299,0.061279113,0.191500058,0.0714249,0,0.755124032,6161.1,78144000
Iraq,IRQ,Asia,Western Asia,2014,BiocapPerCap,0.233630547,0.017669221,0.043955186,0.002049164,0.050620099,0,0.347924217,5203.44,35273000
Ireland,IRL,Europe,Northern Europe,2014,BiocapPerCap,0.624770474,0.745028695,0.495852343,1.47576358,0.101228202,0,3.442643293,54527.3,4675000
Israel,ISR,Asia,Western Asia,2014,BiocapPerCap,0.154900037,0.006471626,0.032126524,0.01559108,0.059134658,0,0.268223925,32661.3,7939000
Italy,ITA,Europe,Southern Europe,2014,BiocapPerCap,0.445813416,0.041924953,0.338046493,0.062187699,0.049013711,0,0.936986272,33626.1,59821000
Côte d'Ivoire,CIV,Africa,Western Africa,2014,BiocapPerCap,0.899267883,0.526154473,0.423206522,0.037544287,0.088188407,0,1.974361572,1384.91,22157000
Kazakhstan,KAZ,Asia,Central Asia,2014,BiocapPerCap,1.304757793,1.824891018,0.224246759,0.053343189,0.039621473,0,3.446860231,10645.5,17372000
Jamaica,JAM,Latin America and the Caribbean,Caribbean,2014,BiocapPerCap,0.157791723,0,0.102174447,0.114202505,0.045566433,0,0.419735108,4714.86,2783000
Japan,JPN,Asia,Eastern Asia,2014,BiocapPerCap,0.092488877,0.004727198,0.347431443,0.101072645,0.058817816,0,0.604537979,46466.1,126795000
Jordan,JOR,Asia,Western Asia,2014,BiocapPerCap,0.091148557,0.016800283,0.024707709,0.002762596,0.073825567,0,0.209244712,3348.83,7416000
Kyrgyzstan,KGZ,Asia,Central Asia,2014,BiocapPerCap,0.342306664,0.593005139,0.056655445,0.051275053,0.062530172,0,1.105772473,1003.51,5844000
Kenya,KEN,Africa,Eastern Africa,2014,BiocapPerCap,0.225740131,0.229289561,0.016489125,0.01802369,0.043260794,0,0.532803301,1075.64,44864000
"Korea, Democratic People's Republic of",PRK,Asia,Eastern Asia,2014,BiocapPerCap,0.240931108,0.001482695,0.197414207,0.094176519,0.058324752,0,0.592329281,,25027000
"Korea, Republic of",KOR,Asia,Eastern Asia,2014,BiocapPerCap,0.13741215,0.000887257,0.09056992,0.395550693,0.061556417,0,0.685976437,24323.6,50074000
Kuwait,KWT,Asia,Western Asia,2014,BiocapPerCap,0.034699508,0.006101019,0.003129607,0.323913492,0.243153033,0,0.61099666,36259.4,3753000
Latvia,LVA,Europe,Northern Europe,2014,BiocapPerCap,1.423206594,0.323417332,4.190570631,2.014588995,0.056018587,0,8.007802139,13786.4,1989000
Lao People's Democratic Republic,LAO,Asia,South-Eastern Asia,2014,BiocapPerCap,0.745564381,0.124589215,0.78218073,0.032980282,0.146023672,0,1.83133828,1470.5,6689000
Lebanon,LBN,Asia,Western Asia,2014,BiocapPerCap,0.156015117,0.037527115,0.045950927,0.006088282,0.06503351,0,0.310614952,7447.36,5612000
Lesotho,LSO,Africa,Southern Africa,2014,BiocapPerCap,0.049654529,0.724025476,0.002571393,0,0.009969924,0,0.786221322,1323.24,2109000
Liberia,LBR,Africa,Western Africa,2014,BiocapPerCap,0.152565761,0.588200258,1.348529399,0.308632853,0.034128308,0,2.432056579,376.589,4397000
Libyan Arab Jamahiriya,LBY,Africa,Northern Africa,2014,BiocapPerCap,0.170711247,0.225960037,0.019587146,0.252721283,0.020214543,0,0.689194257,,6259000
Lithuania,LTU,Europe,Northern Europe,2014,BiocapPerCap,2.326515508,0.111448954,2.150305682,0.310424435,0.099140443,0,4.997835022,14932.6,2917000
Madagascar,MDG,Africa,Eastern Africa,2014,BiocapPerCap,0.239716951,1.240810053,0.746328911,0.202920092,0.055661637,0,2.485437644,408.661,23572000
Malawi,MWI,Africa,Eastern Africa,2014,BiocapPerCap,0.459302473,0.072008078,0.021363035,0.053297262,0.056335896,0,0.662306743,484.369,16695000
Malaysia,MYS,Asia,South-Eastern Asia,2014,BiocapPerCap,0.759929439,0.01364016,0.710525014,0.828894195,0.075265005,0,2.388253813,10398.2,29902000
Mali,MLI,Africa,Western Africa,2014,BiocapPerCap,0.561033348,0.623244325,0.211066443,0.04304011,0.072218115,0,1.510602341,705.788,17086000
Malta,MLT,Europe,Southern Europe,2014,BiocapPerCap,0.094100625,0,0.000748948,0.47484349,0.050797607,0,0.62049067,24080.2,418000
Mauritania,MRT,Africa,Western Africa,2014,BiocapPerCap,0.119278355,2.811068576,0.043206232,1.328095663,0.049244366,0,4.350893192,1326.16,3970000
Mexico,MEX,Latin America and the Caribbean,Central America,2014,BiocapPerCap,0.341351016,0.234328798,0.445763724,0.134698358,0.04584779,0,1.201989686,9492.99,125386000
Mongolia,MNG,Asia,Eastern Asia,2014,BiocapPerCap,0.213522927,7.955729627,6.590330471,0.133436331,0.065673785,0,14.95869314,3901.87,2910000
Morocco,MAR,Africa,Northern Africa,2014,BiocapPerCap,0.399250766,0.165035117,0.093683129,0.071870082,0.040529811,0,0.770368905,3110.21,33921000
Mozambique,MOZ,Africa,Eastern Africa,2014,BiocapPerCap,0.244354152,0.894183114,0.552810119,0.15540096,0.049996915,0,1.89674526,493.252,27216000
Moldova,MDA,Europe,Eastern Europe,2014,BiocapPerCap,0.950106446,0.060374122,0.085767515,0.008848422,0.055023732,0,1.160120237,1986.94,4072000
Namibia,NAM,Africa,Southern Africa,2014,BiocapPerCap,0.137549479,1.518166932,0.328845915,4.514283337,0.019803384,0,6.518649047,5901.24,2403000
Nepal,NPL,Asia,Southern Asia,2014,BiocapPerCap,0.3864916,0.047150266,0.058171204,0.004998311,0.109888903,0,0.606700284,675.735,28175000
Netherlands,NLD,Europe,Western Europe,2014,BiocapPerCap,0.227461397,0.043001267,0.078022887,0.426335133,0.08940336,0,0.864224044,50497.2,16868000
Macedonia TFYR,MKD,Europe,Southern Europe,2014,BiocapPerCap,0.476947246,0.168945742,0.927460536,0.016606781,0.028835401,0,1.618795706,4920.22,2076000
Nicaragua,NIC,Latin America and the Caribbean,Central America,2014,BiocapPerCap,0.362536706,0.587926191,0.729382204,0.490598792,0.043130525,0,2.213574418,1812.99,6014000
Niger,NER,Africa,Western Africa,2014,BiocapPerCap,0.875140669,0.465919954,0.04543318,0.000577112,0.041633506,0,1.428704421,386.726,19114000
Nigeria,NGA,Africa,Western Africa,2014,BiocapPerCap,0.506344123,0.11359229,0.014100983,0.017804969,0.05233098,0,0.704173344,2563.09,177476000
Norway,NOR,Europe,Northern Europe,2014,BiocapPerCap,0.282180375,0.595296499,3.49523744,2.983670503,0.05521287,0,7.411597687,89275,5148000
Pakistan,PAK,Asia,Southern Asia,2014,BiocapPerCap,0.307451618,0.003791139,0.008764854,0.034904131,0.042505098,0,0.39741684,1111.2,185044000
Panama,PAN,Latin America and the Caribbean,Central America,2014,BiocapPerCap,0.14723771,0.427861549,1.687561428,0.599877478,0.026672347,0,2.889210511,10229.2,3868000
Czech Republic,CZE,Europe,Eastern Europe,2014,BiocapPerCap,1.111152305,0.070137327,1.317886423,0.002016028,0.152414316,0,2.653606398,20343.7,10543000
Papua New Guinea,PNG,Oceania,Melanesia,2014,BiocapPerCap,0.404268387,0.036206267,2.533678638,0.703083923,0.156084387,0,3.833321604,2271.48,7464000
Paraguay,PRY,Latin America and the Caribbean,South America,2014,BiocapPerCap,2.466455133,2.34691694,5.382388668,0.053039465,0.123533305,0,10.37233351,3761.91,6553000
Peru,PER,Latin America and the Caribbean,South America,2014,BiocapPerCap,0.32195654,0.502906331,2.697459324,0.198213658,0.067697847,0,3.788233699,5823.96,30973000
Philippines,PHL,Asia,South-Eastern Asia,2014,BiocapPerCap,0.343180836,0.015671951,0.093094526,0.066441719,0.060056538,0,0.578445571,2505.82,99139000
Poland,POL,Europe,Eastern Europe,2014,BiocapPerCap,1.058725674,0.066727254,0.75440923,0.107192472,0.088710762,0,2.075765392,14088.7,38620000
Portugal,PRT,Europe,Southern Europe,2014,BiocapPerCap,0.252336872,0.06392476,0.85527484,0.07429165,0.024468741,0,1.270296863,21533.5,10402000
Guinea-Bissau,GNB,Africa,Western Africa,2014,BiocapPerCap,0.519745425,0.33220835,0.3101213,1.671321206,0.065965714,0,2.899361996,545.898,1801000
Timor-Leste,TLS,Asia,South-Eastern Asia,2014,BiocapPerCap,0.190396973,0.059242655,0.48371323,0.91720002,0.040712254,0,1.691265131,893.872,1157000
Eritrea,ERI,Africa,Eastern Africa,2014,BiocapPerCap,0.081795576,0.223336593,0.101964509,1.121619081,0.025289253,0,1.554005012,,5110000
Qatar,QAT,Asia,Western Asia,2014,BiocapPerCap,0.008890859,8.50E-05,0,1.116275852,0.052148931,0,1.177400635,67901.2,2172000
Zimbabwe,ZWE,Africa,Eastern Africa,2014,BiocapPerCap,0.118703549,0.288349008,0.106247844,0.009429908,0.018115059,0,0.540845367,939.78,15246000
Romania,ROU,Europe,Eastern Europe,2014,BiocapPerCap,1.228234347,0.12242085,1.275366681,0.092618214,0.159545909,0,2.878186001,9158.52,19652000
Rwanda,RWA,Africa,Eastern Africa,2014,BiocapPerCap,0.351389059,0.051975704,0.014356248,0.005414143,0.047568212,0,0.470703366,672.749,11342000
Russian Federation,RUS,Europe,Eastern Europe,2014,BiocapPerCap,0.968268991,0.344267428,4.332732888,1.194291885,0.037207863,0,6.876769056,11493.7,143429000
Saint Lucia,LCA,Latin America and the Caribbean,Caribbean,2014,BiocapPerCap,0.082190837,0.001493426,0.093951757,0.140583465,0.001923422,0,0.320142908,7987.53,184000
Saudi Arabia,SAU,Asia,Western Asia,2014,BiocapPerCap,0.054600238,0.109740025,0.059446753,0.165125455,0.024575796,0,0.413488266,21183.5,30887000
Senegal,SEN,Africa,Western Africa,2014,BiocapPerCap,0.201449729,0.16515801,0.426198855,0.162084301,0.026325066,0,0.981215961,1018.39,14673000
Sierra Leone,SLE,Africa,Western Africa,2014,BiocapPerCap,0.454900497,0.337747235,0.186127012,0.214200987,0.05946452,0,1.25244025,563.174,6316000
Slovenia,SVN,Europe,Southern Europe,2014,BiocapPerCap,0.300963447,0.086826107,1.85566008,0.004252922,0.024921849,0,2.272624405,23224.4,2066000
Slovakia,SVK,Europe,Eastern Europe,2014,BiocapPerCap,0.958279576,0.055317627,1.838969546,0.002184928,0.125234131,0,2.979985807,18003.5,5423000
Singapore,SGP,Asia,South-Eastern Asia,2014,BiocapPerCap,0.000882023,0,0.002384712,0.013125142,0.042258644,0,0.058650521,51865.7,5507000
Somalia,SOM,Africa,Eastern Africa,2014,BiocapPerCap,0.052666399,0.552489435,0.210679592,0.326842269,0.032934289,0,1.175611983,,10518000
South Africa,ZAF,Africa,Southern Africa,2014,BiocapPerCap,0.293456403,0.563987595,0.019347229,0.166106439,0.035049346,0,1.077947013,7626.81,53969000
Spain,ESP,Europe,Southern Europe,2014,BiocapPerCap,0.794662173,0.098343729,0.33712952,0.059184248,0.038755653,0,1.328075323,29496.4,46260000
Suriname,SUR,Latin America and the Caribbean,South America,2014,BiocapPerCap,0.404774361,0.028789023,80.26893646,7.414159105,0.095743393,0,88.21240235,8942.96,538000
Tajikistan,TJK,Asia,Central Asia,2014,BiocapPerCap,0.295961892,0.134868079,0.006316989,0.011479506,0.093521232,0,0.542147697,892.64,8296000
Swaziland,SWZ,Africa,Southern Africa,2014,BiocapPerCap,0.265970369,0.500203244,0.051763157,0.004635584,0.070146186,0,0.89271854,3980.77,1269000
Sweden,SWE,Europe,Northern Europe,2014,BiocapPerCap,0.747121458,0.212934961,6.47247403,2.169938015,0.140698795,0,9.74316726,53561.9,9703000
Switzerland,CHE,Europe,Western Europe,2014,BiocapPerCap,0.176876872,0.113466841,0.721423638,0.00636569,0.068338712,0,1.086471753,76410.9,8211000
Syrian Arab Republic,SYR,Asia,Western Asia,2014,BiocapPerCap,0.307047576,0.116274368,0.049154316,0.004414665,0.029263567,0,0.506154492,,18772000
Turkmenistan,TKM,Asia,Central Asia,2014,BiocapPerCap,0.470317603,1.927043287,0.014633907,0.125885026,0.070976808,0,2.608856631,6399.27,5307000
"Tanzania, United Republic of",TZA,Africa,Eastern Africa,2014,BiocapPerCap,0.631954674,0.312920626,0.151451269,0.056675959,0.083787092,0,1.23678962,806.15,51823000
Thailand,THA,Asia,South-Eastern Asia,2014,BiocapPerCap,0.803529181,0.010606918,0.194118836,0.193980257,0.069450788,0,1.27168598,5589.7,67726000
Togo,TGO,Africa,Western Africa,2014,BiocapPerCap,0.361565006,0.112192049,0.021969614,0.020238605,0.026387066,0,0.542352339,531.156,7115000
Trinidad and Tobago,TTO,Latin America and the Caribbean,Caribbean,2014,BiocapPerCap,0.047960337,0.006090871,0.145689602,1.360856977,0.001308062,0,1.56190585,16862.6,1354000
Oman,OMN,Asia,Western Asia,2014,BiocapPerCap,0.049597902,0.034410635,0.000887299,1.271911016,0.184942117,0,1.541748969,17132.1,4236000
Tunisia,TUN,Africa,Northern Africa,2014,BiocapPerCap,0.397384904,0.079974682,0.052322252,0.232507988,0.02675763,0,0.788947456,4265.15,11130000
Turkey,TUR,Asia,Western Asia,2014,BiocapPerCap,0.700821009,0.088717138,0.574034263,0.041666742,0.034092161,0,1.439331313,13312,77524000
United Arab Emirates,ARE,Asia,Western Asia,2014,BiocapPerCap,0.02388593,0.0012394,0.066505548,0.46524199,0,0,0.556872868,39034.4,9086000
Uganda,UGA,Africa,Eastern Africa,2014,BiocapPerCap,0.320001241,0.145950041,0.00989698,0.039929039,0.035847523,0,0.551624823,642.877,37783000
United Kingdom,GBR,Europe,Northern Europe,2014,BiocapPerCap,0.512192186,0.115578939,0.122174043,0.2994725,0.15563516,0,1.205052827,40908.7,64331000
Ukraine,UKR,Europe,Eastern Europe,2014,BiocapPerCap,1.857681448,0.144125034,0.428633126,0.153065257,0.083908296,0,2.66741316,3123.92,45002000
United States of America,USA,North America,North America,2014,BiocapPerCap,1.341757927,0.27857943,1.549343419,0.330624398,0.083459448,0,3.583764622,50782.5,319449000
Burkina Faso,BFA,Africa,Western Africa,2014,BiocapPerCap,0.646450496,0.16071149,0.231364491,0.001296073,0.075152199,0,1.114974748,639.71,17589000
Uruguay,URY,Latin America and the Caribbean,South America,2014,BiocapPerCap,1.908802333,4.85339356,1.231098951,2.185132454,0.145689415,0,10.32411671,13856.7,3420000
Uzbekistan,UZB,Asia,Central Asia,2014,BiocapPerCap,0.534805983,0.190739736,0.056276217,0.02744908,0.080183451,0,0.889454467,1744.49,29470000
"Venezuela, Bolivarian Republic of",VEN,Latin America and the Caribbean,South America,2014,BiocapPerCap,0.132978646,0.562658536,1.719959815,0.238049491,0.034962785,0,2.688609272,13709,30694000
Viet Nam,VNM,Asia,South-Eastern Asia,2014,BiocapPerCap,0.594846395,0.009226516,0.169623237,0.159986658,0.112355596,0,1.046038401,1596.35,92423000
Ethiopia,ETH,Africa,Eastern Africa,2014,BiocapPerCap,0.35643242,0.115087319,0.044212207,0.039553169,0.071613153,0,0.626898268,452.778,96959000
Yemen,YEM,Asia,Western Asia,2014,BiocapPerCap,0.060886099,0.111150515,0.0394043,0.188354247,0.029481749,0,0.429276909,1101.12,26184000
"Congo, Democratic Republic of",COD,Africa,Middle Africa,2014,BiocapPerCap,0.12128034,0.283237673,2.185928856,0.040862775,0.051289455,0,2.682599099,378.791,74877000
Zambia,ZMB,Africa,Eastern Africa,2014,BiocapPerCap,0.226306747,0.846422897,0.874518693,0.021563847,0.039779961,0,2.008592145,1620.82,15721000
Belgium,BEL,Europe,Western Europe,2014,BiocapPerCap,0.397274242,0.032348519,0.275633307,0.043178824,0.190681115,0,0.939116008,44702.3,11226000
Luxembourg,LUX,Europe,Western Europe,2014,BiocapPerCap,0.372713351,0.073326238,0.827724564,0.0006864,0.101361259,0,1.375811812,107153,557000
Serbia,SRB,Europe,Southern Europe,2014,BiocapPerCap,1.090953888,0.017694281,0.494621585,0.003519955,0.064315749,0,1.671105458,5593.06,8893000
Montenegro,MNE,Europe,Southern Europe,2014,BiocapPerCap,0.055839692,0.107279323,2.591725831,0.242595647,0.020571218,0,3.018011711,7045.12,625000
Sudan,SDN,Africa,Northern Africa,2014,BiocapPerCap,0.464641646,0.350014438,0.278303188,0.017978183,0.038348491,0,1.149285945,1837.14,39350000
South Sudan,SSD,Africa,Northern Africa,2014,BiocapPerCap,0.262876014,0.989064319,0.33946147,0,0.047568176,0,1.638969979,820.114,11911000
China,CHN,Asia,Eastern Asia,2014,BiocapPerCap,0.480241556,0.104179915,0.224600007,0.043792252,0.122479064,0,0.975292794,6108.24,1400602000
